{
  "id": "basic_38_kui",
  "name": "睽",
  "symbol": "☲☱",
  "sequence": 38,
  "pinyin": "kui",
  "strokes": 38,
  "type": "basic",
  "core_mechanism": {
    "name": "睽孤之象",
    "description": "彼此对立，互相削弱。",
    "variants": {
      "di": {
        "name": "见豕负涂",
        "effect": {
          "actions": [
            {
              "action": "LOSE_RESOURCE",
              "params": {
                "target": "SELF",
                "resource": "gold",
                "value": 3
              }
            },
            {
              "action": "LOSE_RESOURCE",
              "params": {
                "target": "OPPONENT_CHOICE_SINGLE",
                "resource": "gold",
                "value": 3
              }
            }
          ]
        }
      },
      "ren": {
        "name": "睽孤",
        "effect": {
          "actions": [
            {
              "action": "DISCARD_CARD",
              "params": {
                "target": "SELF",
                "count": 1,
                "source": "RANDOM"
              }
            },
            {
              "action": "DISCARD_CARD",
              "params": {
                "target": "OPPONENT_CHOICE_SINGLE",
                "count": 1,
                "source": "RANDOM"
              }
            }
          ]
        }
      },
      "tian": {
        "name": "交孚",
        "effect": {
          "actions": [
            {
              "action": "SWAP_RESOURCES",
              "params": {
                "target_a": "SELF",
                "target_b": "OPPONENT_CHOICE_SINGLE",
                "resource": "YIN_YANG_GAUGE",
                "atomic": true
              }
            }
          ]
        }
      }
    }
  }
}