{
  "id": "basic_16_yu",
  "name": "豫",
  "symbol": "☳☷",
  "sequence": 16,
  "pinyin": "yu",
  "strokes": 16,
  "type": "basic",
  "core_mechanism": {
    "name": "其乐融融",
    "description": "带来愉悦和顺畅。",
    "variants": {
      "di": {
        "name": "介于石",
        "effect": {
          "actions": [
            {
              "action": "APPLY_STATUS",
              "params": {
                "target": "SELF",
                "status_id": "GUARD",
                "value": 2,
                "duration": 1
              }
            }
          ]
        }
      },
      "ren": {
        "name": "盱豫",
        "effect": {
          "actions": [
            {
              "action": "MOVE",
              "params": {
                "target": "SELF",
                "value": 2,
                "move_type": "NORMAL"
              }
            }
          ]
        }
      },
      "tian": {
        "name": "冥豫",
        "effect": {
          "actions": [
            {
              "action": "DRAW_CARD",
              "params": {
                "target": "SELF",
                "deck": "basic",
                "count": 1
              }
            },
            {
              "action": "DRAW_CARD",
              "params": {
                "target": "ALLY_FORMAL_ALL",
                "deck": "basic",
                "count": 1
              }
            }
          ]
        }
      }
    }
  }
}