{
  "id": "basic_54_gui_mei",
  "name": "归妹",
  "symbol": "☳☱",
  "sequence": 54,
  "pinyin": "gui_mei",
  "strokes": 54,
  "type": "basic",
  "core_mechanism": {
    "name": "以祉元吉",
    "description": "少女出嫁，有不正之象，但亦有福祉。",
    "variants": {
      "di": {
        "name": "归妹以娣",
        "effect": {
          "actions": [
            {
              "action": "DRAW_CARD",
              "params": {
                "target": "SELF",
                "deck": "basic",
                "count": 1
              }
            },
            {
              "action": "DRAW_CARD",
              "params": {
                "target": "PLAYER_CHOICE_ANY",
                "deck": "basic",
                "count": 1
              }
            }
          ]
        }
      },
      "ren": {
        "name": "帝乙归妹",
        "effect": {
          "actions": [
            {
              "action": "LOSE_RESOURCE",
              "params": {
                "target": "SELF",
                "resource": "gold",
                "value": 3
              }
            },
            {
              "action": "GAIN_RESOURCE",
              "params": {
                "target": "SELF",
                "resource": "health",
                "value": 6
              }
            }
          ]
        }
      },
      "tian": {
        "name": "月几望",
        "effect": {
          "actions": [
            {
              "action": "SWAP_HAND_CARDS",
              "params": {
                "target": "SELF",
                "other_player": "OPPONENT_CHOICE_SINGLE",
                "count": "ALL",
                "atomic": true
              }
            }
          ]
        }
      }
    }
  }
}